Official case ID,Original profile,Original expected,Official status,Phase15 partial evidence,Missing for full PASS
CORE-01,ALL,唯一ACCEPTED，原COMMIT/Core/Ref一致,BLOCKED_FULL_CONFORMANCE,"Proposer/C/X/W separate OS processes; externally X-signed acceptance and result, one durable acceptance, tool simulation, read-only audit",verified original normative records for all profiles; full current typed dependency graph; all Result and response bindings
CORE-02,ALL,F拒绝；0新接受/0派发,BLOCKED_FULL_CONFORMANCE,,HTTP route and audience matrix across all profiles; all message types and side-effect assertions
CORE-03,ALL,F拒绝；独立重建检出,BLOCKED_FULL_CONFORMANCE,Signed Permit deliberately omits EXPERIENCE; W recomputes RequiredDeps from C-signed current source corpus and rejects,"Local triple-profile signed G reissue rejection exists, but the independently operated C/E admission and transitive current issuer graph are not established; Complete official case proof over all authorized dependency shapes, T/F/U and transport/scope/lifecycle variants requires independent review"
CORE-04,ALL,F拒绝，不能从备用对象库找替代类型,BLOCKED_FULL_CONFORMANCE,,cyclic reference graph rejection at full depth; typed Record/Envelope recursive graph with limits
CORE-05,ALL,旧依据STALE；重新准备,BLOCKED_FULL_CONFORMANCE,,W protected range insert/delete and ABA in same transaction; all three profile ranges and historical epochs
CORE-06,ALL,分别U/DEFER与F/REJECT，无新接受,BLOCKED_FULL_CONFORMANCE,,"authenticated temporarily unavailable service case, U/DEFER; independent missing-object F/REJECT signed Result and zero effects"
CORE-07,ALL,F拒绝；独立授权/分离成立,BLOCKED_FULL_CONFORMANCE,,same subject different kid role collision full-envelope case; all three profile signature authority matrix
CORE-08,ALL,前者整体回滚；后者通信未知不假造DEFER,BLOCKED_FULL_CONFORMANCE,,client ambiguous communication outcome protocol semantics; complete W all-record transactional snapshot
CORE-09,ALL,原Core/Ref固定，不重接受、不换kid；历史已存回执可验,BLOCKED_FULL_CONFORMANCE,,inject actual post-commit signer failure and key-revocation recovery; restore archived original signing key witness and immutable bytes
CORE-10,ALL,OBJECT_INTEGRITY或BAD_SIGNATURE，禁止直接返回,BLOCKED_FULL_CONFORMANCE,,validly re-signed different historical Core challenge; full archived credential chain identity and certificate witness
CORE-11,ALL,原响应/REPLAY及EXISTING/OPERATION_CONFLICT,BLOCKED_FULL_CONFORMANCE,,nonce and proof side-effect trace from full multi-profile W; issue/request ID idempotency and all distinct action variants
CORE-12,ALL,至多一次接受/许可消费；容量不超限,BLOCKED_FULL_CONFORMANCE,,eight distinct candidates racing shared resource; multi-process capacity and same-intent concurrency for all profiles
CORE-13,ALL,确定失效可安全取消；未知保持占用且不调用,BLOCKED_FULL_CONFORMANCE,C revocation before finalization and resource race after prepare reject; Phase11 dispatch clocks remain laboratory,"Local signed-clock cancel/unknown/expiry and legacy endpoint fail-closed exist; externally trusted C time and full interval provenance remain unproven; Complete concurrent cancellation versus real tool dispatch, unknown effect reconciliation and one deployed cross-profile W still missing"
CORE-14,ALL,合法自身变化不误拒；错误HALTED且不部分释放,BLOCKED_FULL_CONFORMANCE,,transactionally prove HALTED without partial release for all corruptions; interleaved legitimate behavior revisions with nondecreasing count
CORE-15,ALL,一个转换获胜；未知不回pending、不重派,BLOCKED_FULL_CONFORMANCE,,"Three-profile local serialized C-clocked CANCEL/CLAIM racing and subprocess crash-after-claim observed; distributed delivery vs external tool started/effect-unknown reconciliation unproven; Globally operated W, independently governed C/E, transport lifecycle and exhaustive scheduler interleavings unverified"
CORE-16,ALL,未认证不结算；同终局一次结算；矛盾HALTED,BLOCKED_FULL_CONFORMANCE,,full cross-profile integrated final ledger; signatures and registered external ledger continuity
CORE-17,ALL,当前查询授权成立可读原接受；无派发/结算副作用,BLOCKED_FULL_CONFORMANCE,,real holder key migration and current STATUS challenge; signed Result and old COMMIT proof across expiry
CORE-18,ALL,保留同去重事实，不能第二次接受,BLOCKED_FULL_CONFORMANCE,,v2.5 persisted intent migration to v2.6; tombstones retained after settled/cancelled operations
CORE-19,ALL,只匹配原pending授权tuple可登记；不授业务role,BLOCKED_FULL_CONFORMANCE,,remote C controller identity service and trusted nonce issuance not implemented; original governance audit and role issuance lifecycle not integrated
CORE-20,ALL,只使用POLICY固定kid；换钥新POLICY使旧依赖失效,BLOCKED_FULL_CONFORMANCE,,both issuer and executor multi-key same-subject cases; service rotation reissue Policy and all downstream receipts
PAY-01,PAY-1,分别0、ANOMALY、LOW_EVIDENCE Review，均需FINANCE EXECUTE,BLOCKED_FULL_CONFORMANCE,,official full current issuer/source identity and RoleGrant graph; complete three traces in official transport wrapper
PAY-02,PAY-1,精确history-int-v2结果与selected_cases顺序,BLOCKED_FULL_CONFORMANCE,,original authenticated History publication audit and trusted cutoff origin; full official-case transcript with all negative variants
PAY-03,PAY-1,F拒绝；整快照先验，输出独立重算,BLOCKED_FULL_CONFORMANCE,,full execution under C-authenticated case snapshot and real signer; same source row verified at W acceptance
PAY-04,PAY-1,硬F，复核或CLEAR不能覆盖,BLOCKED_FULL_CONFORMANCE,,all three Boolean hard-false variations; complete signed Result and read-only resource ledger
PAY-05,PAY-1,F拒绝；原认证与新当前资格分别验证,BLOCKED_FULL_CONFORMANCE,,original v2.5 issuer credential publication chain and migration witness; all rejected source types and removed-original-sig cases
IND-01,IND-DEMO-1,严格映射；缺陷RELEASE硬拒绝；UNCERTAIN需V+U,BLOCKED_FULL_CONFORMANCE,,full original IND Schema and controller key PoP; every profile role scope/reader and full source lineage
IND-02,IND-DEMO-1,POLICY包精确组合不等即F,BLOCKED_FULL_CONFORMANCE,,all independent package-dimension mismatches under authoritative C publication; official IND structural Schema validation
IND-03,IND-DEMO-1,前者精确scene_after允许；后者停止派发,BLOCKED_FULL_CONFORMANCE,,separate source revisions and external evidence updates; full atomic W scene-after witness and authentic dispatch claim
IND-04,IND-DEMO-1,仅确认前终局受控推进；第二次人工留置；未知禁止推进,BLOCKED_FULL_CONFORMANCE,,controller privilege is an in-process lab assumption rather than authenticated C certificate; R2 FinalFact signer is lab-pinned rather than certified external TOOL_TRUST + independent ledger
MED-01,MED-DEMO-1,精确批准集合，两subject，不能PAY CLEAR免V,BLOCKED_FULL_CONFORMANCE,,two same-subject/different-kid medical approvers; full med read authorizer and fixed role scope
MED-02,MED-DEMO-1,绑定/权限/稳定组拒绝；不能重建意图,BLOCKED_FULL_CONFORMANCE,,attempt re-register group after prior final; official MED Schema and verified unique encounter lifecycle
MED-03,MED-DEMO-1,已知F与未知U分别处理，普通APPROVE不覆盖,BLOCKED_FULL_CONFORMANCE,,authorized temporarily unavailable E authority U path; F/U reason signed Result and W noneffects
MED-04,MED-DEMO-1,执行前已约束读取；裁剪审计；旧批准失效,BLOCKED_FULL_CONFORMANCE,,auditor cannot expose patient detail; redaction fields test; full authenticated reader identities and revocation race
SC-01,"IND-DEMO-1,MED-DEMO-1",边界T/F/U正确；资源/次数拒绝，不reset,BLOCKED_FULL_CONFORMANCE,,exact 8-slot full-capacity test and 32-operation cumulative behavior test; trusted lo/hi 300-second T/F/U semantics
SC-02,ALL,隔离拒绝，无自动降级,BLOCKED_FULL_CONFORMANCE,,cross-profile signed CORE envelopes and path; official structures and W noneffects for each direction
AUD-02A,ALL,原过期首证明拒绝；当前同账原事实再认证可以一次结算；不重派、不新增效果。,BLOCKED_FULL_CONFORMANCE,,"All three local R2 ledgers reattest expired first TOOL_FINAL and settle once; real registered external tool authorization and physical-effect audit are absent; Complete protocol negative variants, recovery and message/STATUS transport lifecycle are not independently demonstrated"
AUD-02B,ALL,C核同账连续后当前钥再认证；同事实不同Ref一次结算，不HALTED；经认证/绑定的矛盾事实HALTED，原账不逆转。,BLOCKED_FULL_CONFORMANCE,,Three profiles demonstrate local C-signed same-ledger key rollover and same-fact settlement; independent C root-key approval and external ledger continuity are not established; Tool-equivocation HALTED path is local; real contradictory bound tool outputs and full three-profile STATUS/receipt behavior require verification
AUD-02C,ALL,未知保留预占；不得凭不存在签失败或用新账结算原账,BLOCKED_FULL_CONFORMANCE,,"PAY prior ledger-free first settlement was reproducible; hardened PAY now verifies immutable original fact and origin, alongside IND/MED; real authenticated external ledger outage and recovery unproven; Proof against forged negative final, across independent tool service restart and all official status/transport branches still missing"
AUD-02D,ALL,前者不改变操作账；后者HALTED且不自动解除,BLOCKED_FULL_CONFORMANCE,,all profiles and actual tool trust lineage; full response and escrow log in HALTED
