id,profile,status,official_full_conformance,run,passed,seconds,expected,executed_tests,missing_full_requirements
CORE-01,ALL,PARTIAL_WITNESSES_PASS,NOT_ESTABLISHED,2,2,1.226,"Full valid signed chain, exactly one ACCEPTED and immutable COMMIT/Ref",research.phase8.test_scene_authority.SceneTests.test_all_five_fixed_synthetic_paths | research.phase4.test_flow.Phase4PayFlow.test_acceptance_record_contract_exact,verified original normative records for all profiles | full current typed dependency graph | all Result and response bindings
CORE-02,ALL,PARTIAL_WITNESSES_PASS,NOT_ESTABLISHED,3,3,0.223,Reject tampered body/profile/scope/audience/path without acceptance or dispatch,research.reference_executor.test_reference.WireTests.test_envelope_reject_cross_profile | research.phase8.test_scene_authority.SceneTests.test_evidence_kind_cannot_be_cross_profile_reused | research.phase8.test_scene_authority.SceneTests.test_broken_signed_permit_rejected,HTTP route and audience matrix across all profiles | all message types and side-effect assertions
CORE-03,ALL,PARTIAL_WITNESSES_PASS,NOT_ESTABLISHED,2,2,0.073,Reject validly re-signed Permit with omitted mandatory Dep,research.phase4.test_flow.Phase4PayFlow.test_signature_valid_missing_permit_dep_rejected | research.strict_v26.test_pay_dependencies.RequiredDepTests.test_resigned_permit_missing_dependency_rejected,complete independent RequiredDeps closure for IND/MED | complete certified control and transitive issuer graph
CORE-04,ALL,PARTIAL_WITNESSES_PASS,NOT_ESTABLISHED,2,2,0.003,"Reject conflicting same-key Dep, wrong record kind, and cycles",research.strict_v26.test_pay_dependencies.RequiredDepTests.test_duplicate_same_key_rejected | research.strict_v26.test_pay_history.HistoryTests.test_wrong_record_kind_rejected,cyclic reference graph rejection at full depth | typed Record/Envelope recursive graph with limits
CORE-05,ALL,PARTIAL_WITNESSES_PASS,NOT_ESTABLISHED,3,3,0.17,"Reject stale range/empty-set revisions, revision rollback, ABA",research.assurance.test_deny_range_model.ProposedDenyRangeTests.test_empty_range_to_nonempty_changes_revision | research.strict_v26.test_pay_dependencies.RequiredDepTests.test_reactivate_old_content_does_not_revive_old_ref | research.phase8.test_scene_authority.SceneTests.test_controller_update_invalidates_signed_candidate,W protected range insert/delete and ABA in same transaction | all three profile ranges and historical epochs
CORE-06,ALL,PARTIAL_WITNESSES_PASS,NOT_ESTABLISHED,2,2,0.092,Distinguish authorized temporarily unavailable U from known missing F,research.phase8.test_scene_authority.SceneTests.test_source_current_row_disappears_fail_closed | research.strict_v26.test_pay_dependencies.RequiredDepTests.test_missing_role_row_cannot_be_filled_by_client,"authenticated temporarily unavailable service case, U/DEFER | independent missing-object F/REJECT signed Result and zero effects"
CORE-07,ALL,PARTIAL_WITNESSES_PASS,NOT_ESTABLISHED,3,3,0.188,Issuer cannot replace U; required reviewers independent by subject and purpose,research.strict_v26.test_pay_dependencies.RequiredDepTests.test_independent_finance_not_gateway | research.strict_v26.test_pay_dependencies.RequiredDepTests.test_independent_review_not_finance | research.phase8.test_scene_authority.SceneTests.test_wrong_review_purpose_rejected,same subject different kid role collision full-envelope case | all three profile signature authority matrix
CORE-08,ALL,PARTIAL_WITNESSES_PASS,NOT_ESTABLISHED,2,2,6.238,Pre-commit failure rolls back; ambiguous commit cannot be called DEFER,research.phase5.test_durable_w.DurableWTests.test_true_process_hard_kills_at_commit_boundaries | research.phase8.test_scene_authority.SceneTests.test_hard_crash_rolls_back_every_write,client ambiguous communication outcome protocol semantics | complete W all-record transactional snapshot
CORE-09,ALL,PARTIAL_WITNESSES_PASS,NOT_ESTABLISHED,2,2,0.186,Post-commit signing failure recovers original Core/Ref even revoked signing key,research.phase5.test_durable_w.DurableWTests.test_signed_commit_persists_and_recovers_new_connection | research.phase4.test_flow.Phase4PayFlow.test_acceptance_record_contract_exact,inject actual post-commit signer failure and key-revocation recovery | restore archived original signing key witness and immutable bytes
CORE-10,ALL,PARTIAL_WITNESSES_PASS,NOT_ESTABLISHED,3,3,0.245,Damaged archive signature or substituted signed Core cannot be returned,research.phase5.test_durable_w.DurableWTests.test_archive_tamper_rejected | research.phase4.test_flow.Phase4PayFlow.test_archive_commit_mutation_detected | research.phase4.test_flow.Phase4PayFlow.test_wrong_acceptance_signature_detected,validly re-signed different historical Core challenge | full archived credential chain identity and certificate witness
CORE-11,ALL,PARTIAL_WITNESSES_PASS,NOT_ESTABLISHED,3,3,0.475,Same proof/nonce returns original; changed proof replay; different action intent conflict,research.phase5.test_durable_w.DurableWTests.test_replay_same_bytes_returns_original_receipt_without_new_accept | research.phase5.test_durable_w.DurableWTests.test_same_operation_changed_signed_proof_rejects | research.phase8.test_scene_authority.SceneTests.test_nonce_same_other_proof_rejected,nonce and proof side-effect trace from full multi-profile W | issue/request ID idempotency and all distinct action variants
CORE-12,ALL,PARTIAL_WITNESSES_PASS,NOT_ESTABLISHED,2,2,0.964,Eight parallel submissions share one acceptance and satisfy capacity constraint,research.phase5.test_durable_w.DurableWTests.test_eight_thread_duplicate_submission_one_accept | research.phase8.test_scene_authority.SceneTests.test_eight_concurrent_identical_submit_single_accept,eight distinct candidates racing shared resource | multi-process capacity and same-intent concurrency for all profiles
CORE-13,ALL,PARTIAL_WITNESSES_PASS,NOT_ESTABLISHED,3,3,0.765,Pre-dispatch revoked/expired/cross-boundary evidence does not execute,research.phase7.test_guarded_dispatch.GuardedDispatchTests.test_policy_revocation_before_claim_blocks | research.phase7.test_guarded_dispatch.GuardedDispatchTests.test_aba_revision_change_even_same_ref_blocks | research.phase8.test_scene_authority.SceneTests.test_role_revocation_after_accept_blocks_dispatch,merge legacy and guarded dispatch implementations; legacy revocation gap exists | authoritative trusted-time interval crossing and deterministic cancellation
CORE-14,ALL,PARTIAL_WITNESSES_PASS,NOT_ESTABLISHED,3,3,0.314,"Allow own behavior change, reject lost reservation/flight with HALTED",research.phase4.test_flow.Phase4PayFlow.test_dispatch_allows_only_acceptance_own_behavior_change | research.phase4.test_flow.Phase4PayFlow.test_reservation_ownership_violation_blocks_claim | research.phase8.test_scene_authority.SceneTests.test_behavior_inflight_missing_blocks_dispatch,transactionally prove HALTED without partial release for all corruptions | interleaved legitimate behavior revisions with nondecreasing count
CORE-15,ALL,PARTIAL_WITNESSES_PASS,NOT_ESTABLISHED,3,3,0.279,Pending cancellation/claim race; started fault unknown and never redispatch,research.phase6.test_trusted_final.FinalTests.test_claim_is_one_shot_no_arbitrary_witness_bool | research.phase5.test_durable_w.DurableWTests.test_claim_single_dispatch_and_restart_unknown | research.reference_executor.test_reference.FlowTests.test_cancel_only_before_start,true concurrent cancel-versus-claim interleaving | tool no-late-effect callback contract after crash
CORE-16,ALL,PARTIAL_WITNESSES_PASS,NOT_ESTABLISHED,3,3,0.414,"Tool outcome trust and binding, duplicate idempotence, true conflict HALTED",research.phase6.test_trusted_final.FinalTests.test_bad_signature_cannot_halt | research.phase6.test_trusted_final.FinalTests.test_trusted_conflicting_fact_halts_without_reverse_settlement | research.phase6.test_trusted_final.FinalTests.test_binding_wrong_attempt_rejected_unchanged,full cross-profile integrated final ledger | signatures and registered external ledger continuity
CORE-17,ALL,PARTIAL_WITNESSES_PASS,NOT_ESTABLISHED,2,2,0.141,STATUS with current holder new kid reads old accepted record only,research.phase4.test_flow.Phase4PayFlow.test_status_query_read_only | research.reference_executor.test_reference.FlowTests.test_status_after_old_challenge_expiry,real holder key migration and current STATUS challenge | signed Result and old COMMIT proof across expiry
CORE-18,ALL,PARTIAL_WITNESSES_PASS,NOT_ESTABLISHED,2,2,0.136,Stable intent prevents v2.5/v2.6 duplicate acceptance and after terminal state,research.phase5.test_durable_w.DurableWTests.test_same_intent_different_operation_conflict | research.assurance.test_abstract_checker.CoreSafetyAbstractionTests.test_stable_intent_blocks_second_candidate,v2.5 persisted intent migration to v2.6 | tombstones retained after settled/cancelled operations
CORE-19,ALL,PARTIAL_WITNESSES_PASS,NOT_ESTABLISHED,7,7,0.042,Enrollment key-possession proof binding/nonce/root/purpose,research.conformance39.test_enrollment_lab.EnrollmentProofTests.test_exact_possession_registers_one_key_no_business_role | research.conformance39.test_enrollment_lab.EnrollmentProofTests.test_modified_scope_rejected | research.conformance39.test_enrollment_lab.EnrollmentProofTests.test_modified_purposes_rejected | research.conformance39.test_enrollment_lab.EnrollmentProofTests.test_modified_root_rejected | research.conformance39.test_enrollment_lab.EnrollmentProofTests.test_wrong_nonce_rejected | research.conformance39.test_enrollment_lab.EnrollmentProofTests.test_root_rotation_blocks_unconsumed_proof | research.conformance39.test_enrollment_lab.EnrollmentProofTests.test_nonce_proof_replacement_after_first_accept_rejected,remote C controller identity service and trusted nonce issuance not implemented | original governance audit and role issuance lifecycle not integrated
CORE-20,ALL,PARTIAL_WITNESSES_PASS,NOT_ESTABLISHED,2,2,0.157,G/X service kid bound to current POLICY; key rotation invalidates old,research.strict_v26.test_pay_dependencies.RequiredDepTests.test_gateway_kid_fixed_to_policy | research.phase8.test_scene_authority.SceneTests.test_key_revocation_prevents_accept,both issuer and executor multi-key same-subject cases | service rotation reissue Policy and all downstream receipts
PAY-01,PAY-1,PARTIAL_WITNESSES_PASS,NOT_ESTABLISHED,3,3,0.252,CLEAR/FLAG/INSUFFICIENT review purpose and FINANCE authorization,research.phase4.test_flow.Phase4PayFlow.test_pay_clear_full_signed_acceptance | research.phase4.test_flow.Phase4PayFlow.test_pay_flag_requires_anomaly_review | research.phase4.test_flow.Phase4PayFlow.test_pay_insufficient_requires_low_evidence_review,official full current issuer/source identity and RoleGrant graph | complete three traces in official transport wrapper
PAY-02,PAY-1,PARTIAL_WITNESSES_PASS,NOT_ESTABLISHED,6,6,0.018,"n=2, n=5 d=4, distance=1000, event/known cutoff and selection order",research.strict_v26.test_pay_history.HistoryTests.test_n2_insufficient | research.strict_v26.test_pay_history.HistoryTests.test_n5_d4_flag | research.strict_v26.test_pay_history.HistoryTests.test_distance_equal_1000_included | research.strict_v26.test_pay_history.HistoryTests.test_time_known_at_at_cutoff_included | research.strict_v26.test_pay_history.HistoryTests.test_time_known_at_after_cutoff_excluded | research.strict_v26.test_pay_history.HistoryTests.test_order_by_distance_then_ascii_case_id,original authenticated History publication audit and trusted cutoff origin | full official-case transcript with all negative variants
PAY-03,PAY-1,PARTIAL_WITNESSES_PASS,NOT_ESTABLISHED,4,4,0.016,"Reject duplicate case_id/intent, forged client cutoff or risk result",research.strict_v26.test_pay_history.HistoryTests.test_duplicate_case_id_reject_before_filter | research.strict_v26.test_pay_history.HistoryTests.test_duplicate_intent_reject_before_filter | research.strict_v26.test_pay_history.HistoryTests.test_claimed_cutoff_tamper_rejected | research.strict_v26.test_pay_history.HistoryTests.test_unsigned_claimed_clear_rejected_on_flag,full execution under C-authenticated case snapshot and real signer | same source row verified at W acceptance
PAY-04,PAY-1,PARTIAL_WITNESSES_PASS,NOT_ESTABLISHED,3,3,0.021,Known false order acceptance/unsettled/payee or changed amount hard F,research.strict_v26.test_pay_history.HistoryTests.test_known_false_hard_reject | research.strict_v26.test_pay_history.HistoryTests.test_amount_over_cap | research.strict_v26.test_pay_history.HistoryTests.test_payee_outside_allowlist,all three Boolean hard-false variations | complete signed Result and read-only resource ledger
PAY-05,PAY-1,PARTIAL_WITNESSES_PASS,NOT_ESTABLISHED,3,3,0.006,"Legacy Evidence whitelist, preserved v2.5 sig, and current role",research.strict_v26.test_pay_history.HistoryTests.test_wrong_source_version_rejected | research.strict_v26.test_pay_history.HistoryTests.test_v25_signature_tamper_even_with_recomputed_ref | research.strict_v26.test_pay_history.HistoryTests.test_wrong_source_ref_rejected,original v2.5 issuer credential publication chain and migration witness | all rejected source types and removed-original-sig cases
IND-01,IND-DEMO-1,PARTIAL_WITNESSES_PASS,NOT_ESTABLISHED,3,3,1.489,"Three synthetic labels fixed routes, uncertain requires quality review",research.phase8.test_scene_authority.SceneTests.test_all_five_fixed_synthetic_paths | research.phase8.test_scene_authority.SceneTests.test_ind_defect_cannot_release | research.phase8.test_scene_authority.SceneTests.test_missing_required_review_rejected,full original IND Schema and controller key PoP | every profile role scope/reader and full source lineage
IND-02,IND-DEMO-1,PARTIAL_WITNESSES_PASS,NOT_ESTABLISHED,2,2,0.206,Reject policy-bound detector/preprocessing/mapper mixup,research.phase8.test_scene_authority.SceneTests.test_ind_fixed_package_mismatch_is_rejected | research.phase8.test_scene_authority.SceneTests.test_ind_missing_package_fails_closed,all independent package-dimension mismatches under authoritative C publication | official IND structural Schema validation
IND-03,IND-DEMO-1,PARTIAL_WITNESSES_PASS,NOT_ESTABLISHED,2,2,0.416,"Accept self scene transition, reject external evidence update before dispatch",research.phase8.test_scene_authority.SceneTests.test_scene_external_update_after_accept_blocks_dispatch | research.phase8.test_scene_authority.SceneTests.test_commit_contains_full_scene_and_resource_witnesses,separate source revisions and external evidence updates | full atomic W scene-after witness and authentic dispatch claim
IND-04,IND-DEMO-1,PARTIAL_WITNESSES_PASS,NOT_ESTABLISHED,4,4,0.953,Cycle1 INSPECT successful advance; cycle2 INSPECT hold; unknown cannot advance,research.conformance39.test_industrial_advance_lab.IndustrialAdvanceTests.test_unknown_attempt_cannot_advance | research.conformance39.test_industrial_advance_lab.IndustrialAdvanceTests.test_cycle_one_signed_success_allows_exactly_one_advance | research.conformance39.test_industrial_advance_lab.IndustrialAdvanceTests.test_cycle_two_inspect_success_goes_to_manual_hold | research.conformance39.test_industrial_advance_lab.IndustrialAdvanceTests.test_bad_tool_signature_cannot_advance_or_release,controller privilege is an in-process lab assumption rather than authenticated C certificate | R2 FinalFact signer is lab-pinned rather than certified external TOOL_TRUST + independent ledger
MED-01,MED-DEMO-1,PARTIAL_WITNESSES_PASS,NOT_ESTABLISHED,3,3,1.506,Clinical review and independent medical authorization always required,research.phase8.test_scene_authority.SceneTests.test_all_five_fixed_synthetic_paths | research.phase8.test_scene_authority.SceneTests.test_wrong_review_purpose_rejected | research.phase8.test_scene_authority.SceneTests.test_review_read_permission_revocation,two same-subject/different-kid medical approvers | full med read authorizer and fixed role scope
MED-02,MED-DEMO-1,PARTIAL_WITNESSES_PASS,NOT_ESTABLISHED,4,4,0.725,Exact patient/encounter/template/evidence binding; no new group bypass,research.phase8.test_scene_authority.SceneTests.test_med_wrong_patient_rejected | research.phase8.test_scene_authority.SceneTests.test_med_wrong_group_rejected | research.phase8.test_scene_authority.SceneTests.test_med_wrong_record_ref_rejected | research.phase8.test_scene_authority.SceneTests.test_med_wrong_template_rejected,attempt re-register group after prior final | official MED Schema and verified unique encounter lifecycle
MED-03,MED-DEMO-1,PARTIAL_WITNESSES_PASS,NOT_ESTABLISHED,2,2,0.356,Known UNAVAILABLE/INCOMPLETE F distinct from unknown source U,research.phase8.test_scene_authority.SceneTests.test_med_signed_but_unavailable_record_is_hard_reject | research.phase8.test_scene_authority.SceneTests.test_med_signed_but_incomplete_record_is_hard_reject,authorized temporarily unavailable E authority U path | F/U reason signed Result and W noneffects
MED-04,MED-DEMO-1,PARTIAL_WITNESSES_PASS,NOT_ESTABLISHED,2,2,0.364,Reader grants enforced before access; auditor redaction; revoked read invalidates,research.phase8.test_scene_authority.SceneTests.test_read_permission_missing_blocks_preparation | research.phase8.test_scene_authority.SceneTests.test_review_read_permission_revocation,auditor cannot expose patient detail; redaction fields test | full authenticated reader identities and revocation race
SC-01,"IND-DEMO-1,MED-DEMO-1",PARTIAL_WITNESSES_PASS,NOT_ESTABLISHED,2,2,0.288,"300 second trust interval, 8 resource slots, 32 accepted cap",research.phase8.test_scene_authority.SceneTests.test_source_expires_at_upper_boundary | research.phase8.test_scene_authority.SceneTests.test_zero_capacity_rejects_without_consuming,exact 8-slot full-capacity test and 32-operation cumulative behavior test | trusted lo/hi 300-second T/F/U semantics
SC-02,ALL,PARTIAL_WITNESSES_PASS,NOT_ESTABLISHED,3,3,0.558,"Cross-Profile signature, records, task, permit, HTTP path rejected",research.phase8.test_scene_authority.SceneTests.test_evidence_kind_cannot_be_cross_profile_reused | research.phase8.test_scene_authority.SceneTests.test_ind_med_receipts_have_different_protected_profiles | research.reference_executor.test_reference.FlowTests.test_cross_profile_tool_final_rejected,cross-profile signed CORE envelopes and path | official structures and W noneffects for each direction
AUD-02A,ALL,PARTIAL_WITNESSES_PASS,NOT_ESTABLISHED,2,2,3.186,"Expired first tool final, current same-fact reattestation settles once",research.phase6.test_trusted_final.FinalTests.test_expired_first_proof_requires_fresh_reattest | research.phase6.test_trusted_final.CrashBoundaryTests.test_two_crash_boundaries_recovery,integrated R2 final into IND/MED W | audited C ledger mapping and tool real authorization
AUD-02B,ALL,PARTIAL_WITNESSES_PASS,NOT_ESTABLISHED,2,2,0.321,Tool key rotation; new RecordRef same FinalFactID settles once,research.phase6.test_trusted_final.FinalTests.test_rotation_recovery_same_ledger | research.phase6.test_trusted_final.FinalTests.test_same_fact_fresh_attestation_new_ref_no_second_settlement,"controller rollover evidence, verified registered ledger continuity | integrated all three profiles"
AUD-02C,ALL,PARTIAL_WITNESSES_PASS,NOT_ESTABLISHED,3,3,0.287,Lost tool ledger or new ledger cannot falsely settle old attempt,research.phase6.test_trusted_final.FinalTests.test_missing_fact_never_implies_failed | research.phase6.test_trusted_final.FinalTests.test_rotation_to_different_ledger_reject | research.phase6.test_trusted_final.LedgerOriginTests.test_same_ledger_id_separate_storage_origin_rejected,actual external tool ledger unavailable/rollback semantics | independent status and resource ownership across restart
AUD-02D,ALL,PARTIAL_WITNESSES_PASS,NOT_ESTABLISHED,3,3,0.45,Bad signature / wrong binding cannot halt; authenticated contradiction HALTED,research.phase6.test_trusted_final.FinalTests.test_bad_signature_cannot_halt | research.phase6.test_trusted_final.FinalTests.test_trusted_conflicting_fact_halts_without_reverse_settlement | research.phase6.test_trusted_final.FinalTests.test_binding_wrong_attempt_rejected_unchanged,all profiles and actual tool trust lineage | full response and escrow log in HALTED
