Official ID,Profile,Original scenario,Original expected,Official status,Phase14 new evidence,Official PASS,Open obligations
CORE-01,ALL,合法完整链，全部守卫T,唯一ACCEPTED，原COMMIT/Core/Ref一致,BLOCKED_FULL_CONFORMANCE,research/phase14/evidence/core01_process/phase14_process_report.json,NO,verified original normative records for all profiles; full current typed dependency graph; all Result and response bindings; PAY Prepare/Sign/Finalize migration; C/E issuer custody and independent root trust; trusted time outside insecure laboratory fixture; one deployed cross-profile W; real physical/clinical tool attestation; full transitive RequiredDeps T/F/U; transport aud/path/0-RTT/STATUS/Result completion
CORE-02,ALL,正文、Profile、scope、aud或路径替换,F拒绝；0新接受/0派发,BLOCKED_FULL_CONFORMANCE,,NO,HTTP route and audience matrix across all profiles; all message types and side-effect assertions
CORE-03,ALL,G对漏一个必要Dep的Permit合法重签,F拒绝；独立重建检出,BLOCKED_FULL_CONFORMANCE,Prior phase evidence maintained; no Phase14 promotion,NO,"Local triple-profile signed G reissue rejection exists, but the independently operated C/E admission and transitive current issuer graph are not established; Complete official case proof over all authorized dependency shapes, T/F/U and transport/scope/lifecycle variants requires independent review"
CORE-04,ALL,同Dep键异revision/ref，错kind，引用环,F拒绝，不能从备用对象库找替代类型,BLOCKED_FULL_CONFORMANCE,,NO,cyclic reference graph rejection at full depth; typed Record/Envelope recursive graph with limits
CORE-05,ALL,承重空集合新增记录、revision回退或A-B-A,旧依据STALE；重新准备,BLOCKED_FULL_CONFORMANCE,,NO,W protected range insert/delete and ABA in same transaction; all three profile ranges and historical epochs
CORE-06,ALL,必需引用暂不可读/确认不存在,分别U/DEFER与F/REJECT，无新接受,BLOCKED_FULL_CONFORMANCE,,NO,"authenticated temporarily unavailable service case, U/DEFER; independent missing-object F/REJECT signed Result and zero effects"
CORE-07,ALL,G替代U、Review当EXECUTE、U/V同subject不同kid,F拒绝；独立授权/分离成立,BLOCKED_FULL_CONFORMANCE,,NO,same subject different kid role collision full-envelope case; all three profile signature authority matrix
CORE-08,ALL,接受前事务故障与提交结果未知,前者整体回滚；后者通信未知不假造DEFER,BLOCKED_FULL_CONFORMANCE,,NO,client ambiguous communication outcome protocol semantics; complete W all-record transactional snapshot
CORE-09,ALL,提交后签名失败/恢复/原钥撤销,原Core/Ref固定，不重接受、不换kid；历史已存回执可验,BLOCKED_FULL_CONFORMANCE,,NO,inject actual post-commit signer failure and key-revocation recovery; restore archived original signing key witness and immutable bytes
CORE-10,ALL,已存回执同Core坏sig或有效重签替换Core,OBJECT_INTEGRITY或BAD_SIGNATURE，禁止直接返回,BLOCKED_FULL_CONFORMANCE,,NO,validly re-signed different historical Core challenge; full archived credential chain identity and certificate witness
CORE-11,ALL,同nonce同证明/异证明、同操作同动作/异动作,原响应/REPLAY及EXISTING/OPERATION_CONFLICT,BLOCKED_FULL_CONFORMANCE,,NO,nonce and proof side-effect trace from full multi-profile W; issue/request ID idempotency and all distinct action variants
CORE-12,ALL,8路同intent提交与共享资源竞争,至多一次接受/许可消费；容量不超限,BLOCKED_FULL_CONFORMANCE,,NO,eight distinct candidates racing shared resource; multi-process capacity and same-intent concurrency for all profiles
CORE-13,ALL,领取前撤销、到期、跨期限区间,确定失效可安全取消；未知保持占用且不调用,BLOCKED_FULL_CONFORMANCE,Prior phase evidence maintained; no Phase14 promotion,NO,"Local signed-clock cancel/unknown/expiry and legacy endpoint fail-closed exist; externally trusted C time and full interval provenance remain unproven; Complete concurrent cancellation versus real tool dispatch, unknown effect reconciliation and one deployed cross-profile W still missing"
CORE-14,ALL,接受自身BEHAVIOR变更、丢reservation/flight或错归属,合法自身变化不误拒；错误HALTED且不部分释放,BLOCKED_FULL_CONFORMANCE,,NO,transactionally prove HALTED without partial release for all corruptions; interleaved legitimate behavior revisions with nondecreasing count
CORE-15,ALL,pending取消与领取竞争、started后进程故障,一个转换获胜；未知不回pending、不重派,BLOCKED_FULL_CONFORMANCE,Prior phase evidence maintained; no Phase14 promotion,NO,"Three-profile local serialized C-clocked CANCEL/CLAIM racing and subprocess crash-after-claim observed; distributed delivery vs external tool started/effect-unknown reconciliation unproven; Globally operated W, independently governed C/E, transport lifecycle and exhaustive scheduler interleavings unverified"
CORE-16,ALL,普通SUCCESS、错tool/kid/attempt终局、相同/矛盾终局,未认证不结算；同终局一次结算；矛盾HALTED,BLOCKED_FULL_CONFORMANCE,,NO,full cross-profile integrated final ledger; signatures and registered external ledger continuity
CORE-17,ALL,STATUS当前H换钥恢复，旧Permit已过期,当前查询授权成立可读原接受；无派发/结算副作用,BLOCKED_FULL_CONFORMANCE,,NO,real holder key migration and current STATUS challenge; signed Result and old COMMIT proof across expiry
CORE-18,ALL,相同业务意图跨v2.5/v2.6、终态后重新登记,保留同去重事实，不能第二次接受,BLOCKED_FULL_CONFORMANCE,,NO,v2.5 persisted intent migration to v2.6; tombstones retained after settled/cancelled operations
CORE-19,ALL,公钥持有证明替换scope/purpose/期限/root或nonce重用,只匹配原pending授权tuple可登记；不授业务role,BLOCKED_FULL_CONFORMANCE,,NO,remote C controller identity service and trusted nonce issuance not implemented; original governance audit and role issuance lifecycle not integrated
CORE-20,ALL,同subject多G/X钥或服务换钥,只使用POLICY固定kid；换钥新POLICY使旧依赖失效,BLOCKED_FULL_CONFORMANCE,,NO,both issuer and executor multi-key same-subject cases; service rotation reissue Policy and all downstream receipts
PAY-01,PAY-1,CLEAR、FLAG、INSUFFICIENT合法路径,分别0、ANOMALY、LOW_EVIDENCE Review，均需FINANCE EXECUTE,BLOCKED_FULL_CONFORMANCE,,NO,official full current issuer/source identity and RoleGrant graph; complete three traces in official transport wrapper
PAY-02,PAY-1,n=2，n=5 d=4，ratio距离1000、双时间边界,精确history-int-v2结果与selected_cases顺序,BLOCKED_FULL_CONFORMANCE,,NO,original authenticated History publication audit and trusted cutoff origin; full official-case transcript with all negative variants
PAY-03,PAY-1,重复case_id/intent、候选自报cutoff/风险结果,F拒绝；整快照先验，输出独立重算,BLOCKED_FULL_CONFORMANCE,,NO,full execution under C-authenticated case snapshot and real signer; same source row verified at W acceptance
PAY-04,PAY-1,来源三事实false、付款金额或收款人不匹配,硬F，复核或CLEAR不能覆盖,BLOCKED_FULL_CONFORMANCE,,NO,all three Boolean hard-false variations; complete signed Result and read-only resource ledger
PAY-05,PAY-1,旧Evidence白名单以外类型/版本、原签名被删,F拒绝；原认证与新当前资格分别验证,BLOCKED_FULL_CONFORMANCE,,NO,original v2.5 issuer credential publication chain and migration witness; all rejected source types and removed-original-sig cases
IND-01,IND-DEMO-1,三合成标签、错误route、无QUALITY_REVIEW,严格映射；缺陷RELEASE硬拒绝；UNCERTAIN需V+U,BLOCKED_FULL_CONFORMANCE,,NO,full original IND Schema and controller key PoP; every profile role scope/reader and full source lineage
IND-02,IND-DEMO-1,决策包检测器/预处理/mapper混搭,POLICY包精确组合不等即F,BLOCKED_FULL_CONFORMANCE,,NO,all independent package-dimension mismatches under authoritative C publication; official IND structural Schema validation
IND-03,IND-DEMO-1,接受后UNIT自变/外部证据更新,前者精确scene_after允许；后者停止派发,BLOCKED_FULL_CONFORMANCE,,NO,separate source revisions and external evidence updates; full atomic W scene-after witness and authentic dispatch claim
IND-04,IND-DEMO-1,cycle1 INSPECT成功推进/cycle2 INSPECT/未知推进,仅确认前终局受控推进；第二次人工留置；未知禁止推进,BLOCKED_FULL_CONFORMANCE,,NO,controller privilege is an in-process lab assumption rather than authenticated C certificate; R2 FinalFact signer is lab-pinned rather than certified external TOOL_TRUST + independent ledger
MED-01,MED-DEMO-1,必需CLINICAL_REVIEW与独立医师授权,精确批准集合，两subject，不能PAY CLEAR免V,BLOCKED_FULL_CONFORMANCE,,NO,two same-subject/different-kid medical approvers; full med read authorizer and fixed role scope
MED-02,MED-DEMO-1,换患者/就诊/模板/record或同就诊新group,绑定/权限/稳定组拒绝；不能重建意图,BLOCKED_FULL_CONFORMANCE,,NO,attempt re-register group after prior final; official MED Schema and verified unique encounter lifecycle
MED-03,MED-DEMO-1,已知记录不可用/完整性不足、来源未知,已知F与未知U分别处理，普通APPROVE不覆盖,BLOCKED_FULL_CONFORMANCE,,NO,authorized temporarily unavailable E authority U path; F/U reason signed Result and W noneffects
MED-04,MED-DEMO-1,缺READER、AUDITOR读取患者详情、读权撤销,执行前已约束读取；裁剪审计；旧批准失效,BLOCKED_FULL_CONFORMANCE,,NO,auditor cannot expose patient detail; redaction fields test; full authenticated reader identities and revocation race
SC-01,"IND-DEMO-1,MED-DEMO-1",300秒证据边界、8槽、累计32次,边界T/F/U正确；资源/次数拒绝，不reset,BLOCKED_FULL_CONFORMANCE,,NO,exact 8-slot full-capacity test and 32-operation cumulative behavior test; trusted lo/hi 300-second T/F/U semantics
SC-02,ALL,跨Profile重用签名/Record/Task/许可或路径,隔离拒绝，无自动降级,BLOCKED_FULL_CONFORMANCE,,NO,cross-profile signed CORE envelopes and path; official structures and W noneffects for each direction
AUD-02A,ALL,工具已完成但首次TOOL_FINAL到达W时过期,原过期首证明拒绝；当前同账原事实再认证可以一次结算；不重派、不新增效果。,BLOCKED_FULL_CONFORMANCE,Prior phase evidence maintained; no Phase14 promotion,NO,"All three local R2 ledgers reattest expired first TOOL_FINAL and settle once; real registered external tool authorization and physical-effect audit are absent; Complete protocol negative variants, recovery and message/STATUS transport lifecycle are not independently demonstrated"
AUD-02B,ALL,W首次结算前工具换钥，再认证改变Ref而效果事实不变,C核同账连续后当前钥再认证；同事实不同Ref一次结算，不HALTED；经认证/绑定的矛盾事实HALTED，原账不逆转。,BLOCKED_FULL_CONFORMANCE,Prior phase evidence maintained; no Phase14 promotion,NO,Three profiles demonstrate local C-signed same-ledger key rollover and same-fact settlement; independent C root-key approval and external ledger continuity are not established; Tool-equivocation HALTED path is local; real contradictory bound tool outputs and full three-profile STATUS/receipt behavior require verification
AUD-02C,ALL,账丢失/查不到原attempt，新工具ledger不同,未知保留预占；不得凭不存在签失败或用新账结算原账,BLOCKED_FULL_CONFORMANCE,Prior phase evidence maintained; no Phase14 promotion,NO,"PAY prior ledger-free first settlement was reproducible; hardened PAY now verifies immutable original fact and origin, alongside IND/MED; real authenticated external ledger outage and recovery unproven; Proof against forged negative final, across independent tool service restart and all official status/transport branches still missing"
AUD-02D,ALL,坏签名/错绑定的矛盾包与真正可信矛盾,前者不改变操作账；后者HALTED且不自动解除,BLOCKED_FULL_CONFORMANCE,,NO,all profiles and actual tool trust lineage; full response and escrow log in HALTED
